<?xml version="1.0" encoding="UTF-8"?><TaskList Version="2.0"><Task ConnectorKind="local" RepositoryUrl="local" TaskId="1" Handle="local-1" Label="Alphabetize the Category Tree" Priority="P3" Kind="task" IssueURL="" Notes="You are currently bubble sorting it, but something is wrong.&#13;&#10;&#13;&#10;FIX: Converted the strings to lowercase before comparing." Estimated="0" EndDate="2020-07-17 13:27:13.780 -0400" CreationDate="2020-07-16 15:57:36.664 -0400" ModificationDate="" DueDate="2020-07-16 00:00:00.0 -0400" Owner="local" Active="false" Reminded="false" MarkReadPending="false" NotifiedIncoming="true" offlineSyncState="SYNCHRONIZED"/><Task ConnectorKind="local" RepositoryUrl="local" TaskId="5" Handle="local-5" Label="Add an Entry Through the Category Tree" Priority="P3" Kind="task" IssueURL="" Notes="It feels natural to right click a category to add an entry to it.&#13;&#10;&#13;&#10;Implementation: Add a mouse listener that selects the row on right click, then shows the popup menu on right release." Estimated="0" EndDate="2020-07-17 13:21:41.367 -0400" CreationDate="2020-07-16 16:05:06.432 -0400" ModificationDate="" DueDate="" Owner="local" Active="false" ScheduledStartDate="2020-07-12 00:00:00.0 -0400" ScheduledEndDate="2020-07-18 23:59:59.999 -0400" Reminded="false" MarkReadPending="false" NotifiedIncoming="true" offlineSyncState="SYNCHRONIZED"/><Task ConnectorKind="local" RepositoryUrl="local" TaskId="4" Handle="local-4" Label="Quick Button Backgrounds" Priority="P3" Kind="task" IssueURL="" Notes="The background for the quick buttons is white for this system, but is not compatible with Java 8.&#13;&#10;&#13;&#10;FIX: Package jdk-14 with the application." Estimated="0" EndDate="2020-07-17 13:10:24.518 -0400" CreationDate="2020-07-16 16:03:16.282 -0400" ModificationDate="" DueDate="" Owner="local" Active="false" ScheduledStartDate="2020-07-12 00:00:00.0 -0400" ScheduledEndDate="2020-07-18 23:59:59.999 -0400" Reminded="false" MarkReadPending="false" NotifiedIncoming="true" offlineSyncState="SYNCHRONIZED"/><Task ConnectorKind="local" RepositoryUrl="local" TaskId="3" Handle="local-3" Label="Fix Ctrl-C" Priority="P3" Kind="task" IssueURL="" Notes="The shortcut key for copying works on this system, but it does not work on the Asus ZenBook" Estimated="0" EndDate="2020-07-19 11:30:25.979 -0400" CreationDate="2020-07-16 16:00:36.104 -0400" ModificationDate="" DueDate="" Owner="local" Active="false" ScheduledStartDate="2020-07-12 00:00:00.0 -0400" ScheduledEndDate="2020-07-18 23:59:59.999 -0400" Reminded="false" MarkReadPending="false" NotifiedIncoming="true" offlineSyncState="SYNCHRONIZED"/><Task ConnectorKind="local" RepositoryUrl="local" TaskId="10" Handle="local-10" Label="Right Align the Mnemonics for the JMenus" Priority="P3" Kind="task" IssueURL="" Notes="For some god-forsaken reason, the mnemonics for the menus get all out of whack when a longer keystroke is used (Like Ctrl-Shift-S).&#13;&#10;&#13;&#10;Repainting and/or validating does not solve the issue." Estimated="0" EndDate="" CreationDate="2020-07-19 00:51:22.594 -0400" ModificationDate="" DueDate="" Owner="local" Active="false" ScheduledStartDate="2020-07-19 00:00:00.0 -0400" ScheduledEndDate="2020-07-25 23:59:59.999 -0400" Reminded="false" MarkReadPending="false" NotifiedIncoming="true" offlineSyncState="SYNCHRONIZED"/><Task ConnectorKind="local" RepositoryUrl="local" TaskId="2" Handle="local-2" Label="Fix Ctrl-A" Priority="P3" Kind="task" IssueURL="" Notes="The shortcut key for Select All does not work after selecting a node on the category tree.&#13;&#10;&#13;&#10;FIX: Prevent the tree from being focusable. Sorting by selecting nodes still works." Estimated="0" EndDate="2020-07-17 13:08:32.281 -0400" CreationDate="2020-07-16 15:59:17.321 -0400" ModificationDate="" DueDate="" Owner="local" Active="false" ScheduledStartDate="2020-07-12 00:00:00.0 -0400" ScheduledEndDate="2020-07-18 23:59:59.999 -0400" Reminded="false" MarkReadPending="false" NotifiedIncoming="true" offlineSyncState="SYNCHRONIZED"/><Task ConnectorKind="local" RepositoryUrl="local" TaskId="9" Handle="local-9" Label="Write Security Measures Taken" Priority="P3" Kind="task" IssueURL="" Notes="" Estimated="0" EndDate="2020-07-19 00:54:04.109 -0400" CreationDate="2020-07-16 16:10:31.225 -0400" ModificationDate="" DueDate="" Owner="local" Active="false" ScheduledStartDate="2020-07-12 00:00:00.0 -0400" ScheduledEndDate="2020-07-18 23:59:59.999 -0400" Reminded="false" MarkReadPending="false" NotifiedIncoming="true" offlineSyncState="SYNCHRONIZED"/><Task ConnectorKind="local" RepositoryUrl="local" TaskId="8" Handle="local-8" Label="Write the Help" Priority="P3" Kind="task" IssueURL="" Notes="" Estimated="0" EndDate="" CreationDate="2020-07-16 16:10:19.649 -0400" ModificationDate="" DueDate="" Owner="local" Active="false" ScheduledStartDate="2020-07-12 00:00:00.0 -0400" ScheduledEndDate="2020-07-18 23:59:59.999 -0400" Reminded="false" MarkReadPending="false" NotifiedIncoming="true" offlineSyncState="SYNCHRONIZED"/><Task ConnectorKind="local" RepositoryUrl="local" TaskId="7" Handle="local-7" Label="Change Master Password" Priority="P3" Kind="task" IssueURL="" Notes="If a master password is compromised, it would be beneficial to be able to change it." Estimated="0" EndDate="" CreationDate="2020-07-16 16:06:26.570 -0400" ModificationDate="" DueDate="" Owner="local" Active="true" ScheduledStartDate="2020-07-12 00:00:00.0 -0400" ScheduledEndDate="2020-07-18 23:59:59.999 -0400" Reminded="false" MarkReadPending="false" NotifiedIncoming="true" offlineSyncState="SYNCHRONIZED"/><Task ConnectorKind="local" RepositoryUrl="local" TaskId="6" Handle="local-6" Label="Display Working Dialogs" Priority="P3" Kind="task" IssueURL="" Notes="Inform the user that the program is working, not frozen, through the use of dialogs.&#13;&#10;&#13;&#10;Include them during costly actions such as...&#13;&#10;Creating the printable&#13;&#10;Deleting" Estimated="0" EndDate="2020-07-19 11:47:07.604 -0400" CreationDate="2020-07-16 16:05:50.660 -0400" ModificationDate="" DueDate="" Owner="local" Active="false" ScheduledStartDate="2020-07-12 00:00:00.0 -0400" ScheduledEndDate="2020-07-18 23:59:59.999 -0400" Reminded="false" MarkReadPending="false" NotifiedIncoming="true" offlineSyncState="SYNCHRONIZED"/><TaskCategory Handle="handle-4" Name="Bugs"><TaskReference Handle="local-4"/><TaskReference Handle="local-3"/><TaskReference Handle="local-10"/><TaskReference Handle="local-2"/><TaskReference Handle="local-1"/></TaskCategory><TaskCategory Handle="Uncategorized" Name="Uncategorized"/><TaskCategory Handle="handle-6" Name="Documentation"><TaskReference Handle="local-9"/><TaskReference Handle="local-8"/></TaskCategory><TaskCategory Handle="handle-5" Name="Features"><TaskReference Handle="local-5"/><TaskReference Handle="local-7"/><TaskReference Handle="local-6"/></TaskCategory></TaskList>